paved parking lot,large parking lot,unpaved parking lot,unpaved area with trucks,unpaved area,facility with trucks,airport facilities
0.07983776,0.038755074,0.0103371935,0.099473886,0.785473,0.023836255,0.94054204
0.08610421,0.036035884,0.015474098,0.049012236,0.05481054,0.012913281,0.60629714
0.27844504,0.05700652,0.041917574,0.033638135,0.030306589,0.06863936,0.10725987
0.023411477,0.047569927,0.010332682,0.016152766,0.021898897,0.014475437,0.39868692
